,R1,R2,Name1,Name2,Club1,Club2,Pos1,Pos2,BaseSalary1,BaseSalary2,Compensation1,Compensation2,Apps1,Apps2,SubApps1,SubApps2,Mins1,Mins2,Goals1,Goals2,Assists1,Assists2,Yel1,Yel2,Red1,Red2,SpG1,SpG2,PS1,PS2,AerialsWon1,AerialsWon2,MotM1,MotM2,Rating1,Rating2
0,30,14,David Accam,David Accam,CHI,CHI,F,F,700000.0,750000.0,770937.5,820937.5,21,24,3,6,1937,2179,9,14,2,6,4,2,0,0,3.0,2.2,72.5,74.6,0.3,0.3,5,6,7.09,7.26
1,159,126,Kellyn Acosta,Kellyn Acosta,DAL,DAL,M,M,220000.0,260000.0,240000.0,280000.0,24,20,8,3,2328,1895,2,3,3,2,4,2,0,0,1.1,2.1,79.8,78.2,1.0,0.5,0,1,6.75,6.83
2,54,66,Luciano Acosta,Luciano Acosta,DC,DC,M,M,327272.76,500000.0,429272.76,602000.0,25,30,6,1,2111,2422,3,5,8,4,9,4,0,2,1.6,1.5,74.8,75.7,0.3,0.3,2,2,6.98,6.97
3,96,42,Fanendo Adi,Fanendo Adi,POR,POR,F,F,640000.0,1190004.0,712500.0,1736254.0,30,22,3,0,2650,1886,16,10,0,2,7,2,0,1,2.7,3.0,65.1,70.4,1.9,2.3,5,2,6.87,7.06
4,35,257,Harrison Afful,Harrison Afful,CLB,CLB,D,D,275000.0,280000.0,291666.67,296666.67,30,21,0,3,2597,1780,3,0,3,0,1,3,1,1,1.3,0.7,80.7,80.6,0.6,0.7,1,0,7.06,6.53
5,62,94,Juan Agudelo,Juan Agudelo,NE,NE,F,F,425000.0,475000.0,452500.0,502500.0,14,20,10,8,1349,1821,7,8,4,1,5,3,0,0,2.2,1.3,80.1,80.9,1.6,1.5,2,2,6.96,6.9
6,253,277,Tesho Akindele,Tesho Akindele,DAL,DAL,M,F,90000.0,95000.0,107500.0,112500.0,15,15,16,14,1516,1512,6,4,4,0,2,3,0,1,1.1,0.7,75.1,76.0,0.9,1.1,1,0,6.52,6.47
7,219,254,Fatai Alashe,Fatai Alashe,SJ,SJ,M,M,74250.0,98175.0,90500.0,114425.0,27,13,1,4,2336,1201,3,0,1,0,8,6,0,0,0.7,0.4,81.5,85.0,0.6,0.7,2,0,6.62,6.54
8,256,295,Roland Alberg,Roland Alberg,PHI,PHI,M,M,328000.0,345000.0,377250.0,394250.0,13,9,15,15,1155,872,9,7,1,0,1,3,1,0,1.7,1.3,84.8,83.3,0.3,0.2,1,0,6.51,6.41
9,2,38,Osvaldo Alonso,Osvaldo Alonso,SEA,SEA,M,M,900000.0,1100000.0,941667.0,1141667.0,32,24,0,2,2826,2074,3,1,3,0,7,4,1,0,1.3,0.9,90.9,91.0,1.0,0.4,6,2,7.51,7.08
10,40,18,Jozy Altidore,Jozy Altidore,TOR,TOR,F,F,4825000.0,4875000.0,4825000.0,4875000.0,16,25,7,2,1489,2194,10,15,3,6,4,8,0,0,1.9,2.5,69.4,71.7,1.5,1.1,4,3,7.06,7.23
11,105,199,Arturo Alvarez,Arturo Alvarez,CHI,CHI,F,M,115000.0,135000.0,118264.0,142500.0,24,14,6,12,1927,1086,5,3,9,2,2,2,0,0,1.3,1.0,71.7,77.2,0.1,0.2,2,1,6.85,6.67
12,220,156,Dominique Badji,Dominique Badji,COL,COL,F,F,53472.0,65000.0,53472.0,65000.0,17,29,10,4,1573,2540,6,9,2,4,5,5,0,0,1.7,1.7,72.8,72.4,1.3,1.9,1,2,6.62,6.75
13,114,134,Michael Barrios,Michael Barrios,DAL,DAL,M,M,70000.0,100000.0,70000.0,100000.0,30,28,2,6,2454,2567,9,3,2,12,3,5,0,0,1.6,1.8,78.4,76.3,0.2,0.3,1,0,6.84,6.82
14,91,241,DaMarcus Beasley,DaMarcus Beasley,HOU,HOU,D,D,750000.0,316008.0,813333.33,351008.0,24,22,0,2,1980,1985,1,0,0,0,1,0,0,0,0.2,0.3,81.6,85.1,1.0,0.6,3,0,6.88,6.59
15,128,92,Kyle Beckerman,Kyle Beckerman,RSL,RSL,M,M,675000.0,750000.0,750000.0,825000.0,27,26,0,0,2367,2242,0,4,1,0,8,8,1,2,1.6,1.3,82.5,82.3,0.4,0.7,0,1,6.8,6.9
16,160,223,Steven Beitashour,Steven Beitashour,TOR,TOR,D,D,230000.0,250000.0,244000.0,264000.0,29,17,0,5,2563,1590,0,0,0,4,5,1,0,0,0.1,0.2,76.1,81.4,0.5,0.3,0,0,6.74,6.61
17,133,153,Joe Bendik,Joe Bendik,ORL,ORL,GK,GK,140000.0,165000.0,147666.67,174083.4,34,33,0,0,3060,2970,0,0,0,0,2,1,0,0,0.0,0.0,58.0,55.8,0.2,0.1,1,4,6.79,6.77
18,90,142,Victor Bernardez,Victor Bernardez,SJ,SJ,D,D,210000.0,225000.0,251600.0,266600.0,33,25,0,0,2835,2229,1,0,0,1,5,2,0,2,0.4,0.5,76.3,80.9,1.5,2.0,1,0,6.88,6.8
19,270,231,Patrice Bernier,Patrice Bernier,MTL,MTL,M,M,95000.0,165000.0,140000.0,165000.0,13,20,7,7,1186,1801,0,2,1,3,4,1,0,0,0.3,0.8,85.1,81.3,0.4,0.4,0,0,6.47,6.6
20,113,67,Matt Besler,Matt Besler,KC,KC,D,D,700000.0,725000.0,733250.0,758250.0,17,26,1,0,1546,2340,1,0,0,4,4,2,0,0,0.2,0.2,83.0,85.9,1.4,2.1,0,1,6.84,6.97
21,102,269,David Bingham,David Bingham,SJ,SJ,GK,GK,145000.0,190000.0,152750.0,197750.0,34,23,0,0,3015,2070,0,0,0,1,2,3,0,0,0.0,0.0,50.7,52.6,0.6,0.5,1,1,6.85,6.5
22,156,21,Andre Blake,Andre Blake,PHI,PHI,GK,GK,100000.0,148500.0,138000.0,186500.0,32,26,0,0,2880,2340,0,0,0,0,0,2,0,0,0.0,0.0,55.3,55.2,0.6,0.6,0,4,6.75,7.21
23,173,170,Emmanuel Boateng,Emmanuel Boateng,LA,LA,F,F,100000.0,115000.0,100000.0,115000.0,17,29,9,5,1547,2322,2,4,5,2,1,0,0,0,0.8,0.8,75.6,81.0,0.2,0.3,1,0,6.71,6.72
24,134,169,Christian Bolanos,Christian Bolanos,VAN,VAN,M,M,250000.0,250000.0,253500.0,253500.0,23,18,4,3,2116,1629,5,0,7,5,2,0,0,1,1.3,1.4,80.7,73.7,0.4,0.2,0,1,6.78,6.73
25,8,55,Michael Bradley,Michael Bradley,TOR,TOR,M,M,6000000.0,6000000.0,6500000.0,6500000.0,24,30,0,0,2160,2700,1,0,4,2,5,8,0,0,0.5,0.4,83.6,88.2,0.4,0.2,1,0,7.28,7.01
26,273,188,Will Bruin,Will Bruin,HOU,SEA,F,F,310000.0,325000.0,311666.67,326666.67,18,20,13,11,1556,1824,4,11,2,2,1,1,0,0,1.9,1.7,70.0,69.2,1.0,1.2,0,1,6.44,6.69
27,269,242,Teal Bunbury,Teal Bunbury,NE,NE,F,F,205000.0,215000.0,250000.0,260000.0,19,13,8,15,1667,1280,2,7,2,1,5,1,0,0,1.8,1.6,71.8,77.7,1.4,0.5,0,1,6.47,6.58
28,258,246,Evan Bush,Evan Bush,MTL,MTL,GK,GK,117500.0,136750.0,117500.0,136750.0,33,31,0,0,2931,2790,0,0,0,0,3,3,1,0,0.0,0.0,55.9,65.2,0.2,0.5,1,0,6.5,6.57
29,23,138,Victor Cabrera,Victor Cabrera,MTL,MTL,D,D,250000.0,260000.0,250000.0,260000.0,21,18,2,2,1927,1497,0,0,0,0,6,6,0,1,0.0,0.2,81.1,82.0,0.9,1.1,4,0,7.12,6.81
30,209,226,Scott Caldwell,Scott Caldwell,NE,NE,M,M,100000.0,115000.0,110000.0,125000.0,31,26,1,7,2623,2196,0,1,2,2,6,2,0,0,0.3,0.3,86.8,87.1,0.3,0.2,0,0,6.65,6.61
31,48,251,Hassoun Camara,Hassoun Camara,MTL,MTL,D,D,180000.0,255000.0,180000.0,255000.0,26,16,1,2,2249,1351,2,0,2,0,6,3,0,1,0.7,0.6,76.7,77.8,2.1,1.9,2,0,7.0,6.55
32,72,298,Jonathan Campbell,Jonathan Campbell,CHI,CHI,D,D,70000.0,101750.0,78125.0,109875.0,30,8,3,16,2823,1012,1,0,1,0,1,2,0,0,0.3,0.0,79.6,84.2,1.3,0.8,0,0,6.92,6.4
33,139,79,Diego Chara,Diego Chara,POR,POR,M,M,150000.0,500000.0,172000.0,522000.0,30,29,0,0,2601,2530,0,1,1,1,9,8,1,1,0.3,0.2,84.7,89.0,0.2,0.6,0,0,6.78,6.94
34,42,157,Laurent Ciman,Laurent Ciman,MTL,MTL,D,D,630000.0,630000.0,661666.67,661666.67,28,30,0,0,2484,2700,0,0,0,1,3,6,0,0,0.6,0.5,80.7,80.7,1.4,1.5,2,1,7.02,6.75
35,78,166,Ricardo Clark,Ricardo Clark,HOU,HOU,M,M,319200.0,335160.0,356700.0,372660.0,29,26,3,2,2551,2252,4,0,2,0,4,6,0,0,1.3,0.8,82.1,80.4,1.3,1.1,1,0,6.91,6.74
36,147,173,Ashley Cole,Ashley Cole,LA,LA,D,D,300000.0,350000.0,327625.0,377625.0,25,29,1,0,2228,2499,1,1,0,2,2,1,2,1,0.3,0.3,85.7,85.3,0.8,0.8,0,0,6.76,6.72
37,131,221,Sam Cronin,Sam Cronin,COL,MNUFC,M,M,225000.0,300000.0,227500.0,306250.0,33,18,0,0,2924,1551,1,0,1,1,6,3,0,0,0.8,0.3,82.1,87.5,0.9,0.4,1,0,6.79,6.62
38,176,201,Sean Davis,Sean Davis,NYRB,NYRB,M,M,90000.0,110000.0,107500.0,127500.0,11,21,10,6,1108,1796,2,2,2,2,0,5,0,0,0.6,1.0,82.6,83.7,0.4,0.4,2,0,6.71,6.67
39,205,103,Nick DeLeon,Nick DeLeon,DC,DC,M,M,235000.0,255000.0,235000.0,255000.0,27,18,5,1,2509,1594,1,0,0,0,5,3,0,0,1.1,0.9,84.6,82.3,0.5,1.4,0,0,6.66,6.88
40,136,59,Marco Delgado,Marco Delgado,TOR,TOR,M,M,100000.0,210000.0,102500.0,210000.0,23,25,5,1,1997,2072,2,3,2,2,5,1,0,1,0.6,0.7,81.0,85.2,0.5,0.8,1,0,6.78,7.0
41,50,45,Clint Dempsey,Clint Dempsey,SEA,SEA,F,F,3913008.0,3200000.0,4605941.5,3892933.5,17,25,0,4,1430,2278,8,12,1,4,1,3,1,1,3.8,4.0,82.4,83.5,1.4,1.1,1,3,6.99,7.05
42,10,232,Mauro Diaz,Mauro Diaz,DAL,DAL,M,M,466000.0,784000.0,544400.0,880890.0,24,13,3,6,2149,1108,5,2,10,3,3,0,0,0,1.7,1.1,77.3,79.3,0.2,0.1,4,1,7.26,6.6
43,218,216,Marco Donadel,Marco Donadel,MTL,MTL,M,M,350000.0,349992.0,386666.67,386658.67,18,18,3,1,1515,1425,0,2,3,1,5,3,0,1,0.4,1.0,82.0,82.4,0.8,0.3,0,0,6.63,6.62
44,65,171,Kevin Doyle,Kevin Doyle,COL,COL,F,F,1075000.0,1000000.0,1120000.0,1045000.0,24,23,2,2,2182,1966,6,5,2,3,5,5,0,0,2.8,2.2,72.5,71.9,3.0,2.2,3,1,6.95,6.72
45,137,175,Chris Duvall,Chris Duvall,NYRB,MTL,D,D,63000.0,70875.0,63000.0,70875.0,20,25,5,2,1889,2210,0,1,1,2,4,5,1,1,0.4,0.4,72.2,81.8,1.0,0.9,1,1,6.78,6.71
46,29,76,Roger Espinoza,Roger Espinoza,KC,KC,M,M,800000.0,850000.0,800000.0,850000.0,30,30,0,0,2681,2680,1,1,5,2,10,8,2,1,1.6,1.6,79.8,84.1,1.9,1.5,2,0,7.1,6.95
47,190,62,Diego Fagundez,Diego Fagundez,NE,NE,F,M,145000.0,160000.0,165000.0,180000.0,24,27,10,5,2240,2438,6,7,5,7,4,2,0,0,1.9,2.3,82.0,80.9,0.4,0.1,2,5,6.68,6.98
48,88,148,Andrew Farrell,Andrew Farrell,NE,NE,D,D,148500.0,182600.0,229500.0,263600.0,32,30,1,0,2891,2665,0,0,0,3,1,5,0,1,0.1,0.2,75.6,77.8,0.9,0.6,3,0,6.88,6.77
49,28,37,Benny Feilhaber,Benny Feilhaber,KC,KC,M,M,400000.0,600000.0,412187.5,600000.0,28,24,2,6,2565,2271,7,5,5,1,3,4,0,0,1.5,2.1,80.7,83.1,0.5,0.6,3,2,7.1,7.08
50,68,107,Maynor Figueroa,Maynor Figueroa,DAL,DAL,D,D,115000.0,320000.0,138333.33,343333.33,28,26,0,0,2434,2325,0,3,1,0,7,8,1,0,0.8,1.3,75.8,77.7,1.7,1.5,0,1,6.94,6.88
51,231,268,Ethan Finlay,Ethan Finlay,CLB,CLB,M,M,250000.0,290000.0,250000.0,290000.0,27,14,7,5,2494,1286,6,1,6,1,2,2,0,0,1.4,1.1,77.5,75.6,0.3,0.4,1,0,6.58,6.5
52,201,274,Sean Franklin,Sean Franklin,DC,DC,D,D,225000.0,258756.0,256666.67,283756.0,29,15,0,4,2496,1416,1,0,1,2,5,5,0,0,0.2,0.4,76.6,75.9,0.7,1.2,0,1,6.66,6.48
53,214,180,Stefan Frei,Stefan Frei,SEA,SEA,GK,GK,200000.0,250000.0,206250.0,256250.0,33,33,0,0,2970,2970,0,0,0,0,0,2,0,0,0.0,0.0,53.7,64.3,0.3,0.3,0,0,6.64,6.7
54,171,207,Boniek Garcia,Boniek Garcia,HOU,HOU,M,M,225000.0,225000.0,247500.0,247500.0,24,12,7,8,2250,1165,0,0,8,4,4,4,0,0,0.8,0.3,82.3,82.8,0.5,0.4,0,0,6.72,6.66
55,13,253,Shkelzen Gashi,Shkelzen Gashi,COL,COL,M,F,1575000.0,1575000.0,1668750.0,1668750.0,25,12,1,5,2125,1034,9,2,3,1,4,1,0,0,3.5,1.5,75.7,77.1,0.9,0.4,4,1,7.22,6.54
56,1,2,Sebastian Giovinco,Sebastian Giovinco,TOR,TOR,F,F,5600000.0,5600000.0,7115555.67,7115555.67,28,25,0,0,2418,2061,17,16,14,6,3,4,0,0,6.3,5.1,72.5,72.3,0.1,0.0,10,6,7.76,7.51
57,119,80,Justen Glad,Justen Glad,RSL,RSL,D,D,100000.0,225000.0,111000.0,246700.0,27,18,1,0,2424,1620,2,0,1,0,4,2,0,0,0.1,0.6,84.0,84.3,1.0,2.4,0,1,6.83,6.94
58,69,307,Jake Gleeson,Jake Gleeson,POR,POR,GK,GK,91556.0,110000.0,96722.67,115166.67,27,21,1,0,2470,1818,0,0,0,0,1,0,0,0,0.0,0.0,47.6,60.0,0.3,0.1,0,0,6.94,6.37
59,55,100,Anibal Godoy,Anibal Godoy,SJ,SJ,M,M,216000.0,229992.0,242250.0,256242.0,23,24,0,2,1941,2134,1,2,2,0,6,9,2,1,1.2,0.8,89.4,90.8,1.0,0.9,3,2,6.98,6.89
60,279,320,Alan Gordon,Alan Gordon,LA,COL,F,F,170000.0,180000.0,170000.0,180000.0,7,6,15,20,711,818,3,3,1,3,2,4,0,1,0.7,0.9,73.4,71.9,1.9,1.4,0,0,6.42,6.26
61,93,176,Carlos Gruezo,Carlos Gruezo,DAL,DAL,M,M,450000.0,495000.0,686500.0,731500.0,26,30,1,1,2240,2614,0,0,0,3,9,6,0,1,0.9,0.7,81.7,85.7,0.8,0.6,0,0,6.87,6.71
62,155,217,Marlon Hairston,Marlon Hairston,COL,COL,D,D,90000.0,110004.0,113000.0,110004.0,14,29,7,5,1274,2605,3,3,5,4,2,2,0,0,0.8,0.4,78.5,80.7,0.3,0.7,2,1,6.75,6.62
63,115,99,Bill Hamid,Bill Hamid,DC,DC,GK,GK,325000.0,350000.0,370500.0,395500.0,20,24,0,0,1800,2160,0,0,0,0,0,0,0,0,0.1,0.0,48.0,49.1,0.5,0.2,2,2,6.84,6.89
64,89,187,Atiba Harris,Atiba Harris,DAL,DAL,D,M,143000.0,155004.0,143000.0,155004.0,22,21,6,8,1971,2021,1,2,2,1,6,7,0,0,0.6,0.3,73.5,81.9,2.1,2.2,1,0,6.88,6.69
65,59,49,Jack Harrison,Jack Harrison,NYCFC,NYCFC,M,M,125000.0,130000.0,160500.0,165500.0,17,33,4,1,1604,2757,4,10,6,3,0,3,0,1,1.0,1.9,73.6,75.7,0.3,0.3,1,3,6.97,7.03
66,157,230,Jordan Harvey,Jordan Harvey,VAN,VAN,D,D,165000.0,180000.0,165000.0,180000.0,28,28,0,0,2520,2510,2,1,0,1,2,3,0,0,0.4,0.3,76.9,77.0,1.3,0.6,0,0,6.75,6.6
67,27,57,Matt Hedges,Matt Hedges,DAL,DAL,D,D,152000.0,399996.0,152000.0,424996.0,26,27,0,0,2334,2425,1,2,0,0,5,7,0,0,0.4,0.9,81.0,84.5,2.2,1.9,1,1,7.11,7.01
68,66,16,Federico Higuain,Federico Higuain,CLB,CLB,M,M,1175000.0,1050000.0,1175000.0,1050000.0,18,26,2,0,1610,2239,4,9,2,9,0,3,0,0,2.3,2.0,79.3,79.9,0.2,0.1,0,3,6.94,7.24
69,108,211,Cristian Higuita,Cristian Higuita,ORL,ORL,M,M,80000.0,150000.0,80000.0,150000.0,16,18,5,8,1513,1555,1,0,1,2,9,9,1,0,0.5,0.5,84.4,87.6,0.8,0.7,0,0,6.84,6.64
70,47,280,Ryan Hollingshead,Ryan Hollingshead,DAL,DAL,M,M,122500.0,132500.0,122500.0,132500.0,22,9,7,9,2026,822,2,0,0,0,3,0,0,0,0.8,0.9,73.8,78.0,2.4,0.9,1,0,7.01,6.46
71,154,219,Tim Howard,Tim Howard,COL,COL,GK,GK,2100000.0,2000000.0,2575000.0,2475000.0,17,25,0,0,1530,2250,0,0,0,0,1,1,0,0,0.0,0.0,71.1,63.3,0.0,0.2,1,3,6.75,6.62
72,223,109,Ilsinho,Ilsinho,PHI,PHI,M,M,430000.0,470000.0,478333.33,518333.33,14,24,11,3,1286,1851,2,6,2,3,2,4,1,0,1.2,1.4,77.9,79.5,0.4,0.4,1,1,6.6,6.87
73,188,143,Andrew Jacobson,Andrew Jacobson,VAN,VAN,M,M,62500.08,150000.0,87500.08,175000.0,18,19,8,2,1751,1704,2,2,0,2,4,2,0,0,0.6,0.6,82.0,73.3,1.2,1.9,1,0,6.69,6.8
74,169,250,Jared Jeffrey,Jared Jeffrey,DC,DC,M,M,71662.5,105000.0,77862.5,115000.0,14,19,7,4,1314,1619,2,1,0,0,5,4,0,0,1.1,0.6,81.8,78.5,0.4,0.3,0,0,6.72,6.55
75,274,114,Hector Jimenez,Hector Jimenez,CLB,CLB,M,M,105000.0,150000.0,105000.0,150000.0,14,15,11,4,1269,1366,0,0,0,3,0,1,0,0,0.6,0.3,79.3,81.1,0.5,1.1,0,1,6.43,6.86
76,193,168,Sean Johnson,Sean Johnson,CHI,NYCFC,GK,GK,250000.0,220008.0,253000.0,220008.0,22,32,0,0,1980,2880,0,0,0,0,0,2,0,0,0.0,0.0,53.3,68.1,0.5,0.2,0,1,6.68,6.73
77,140,96,Will Johnson,Will Johnson,TOR,ORL,M,M,375000.0,414000.0,395333.33,450000.0,19,23,4,3,1663,2057,2,2,3,3,4,6,0,0,1.4,1.2,82.2,83.5,0.7,0.8,1,2,6.77,6.9
78,192,71,Joevin Jones,Joevin Jones,SEA,SEA,D,D,70000.0,90000.0,76166.67,96166.67,29,28,4,2,2547,2451,2,1,3,9,6,3,0,1,0.5,0.9,83.8,84.7,0.3,0.4,1,0,6.68,6.96
79,14,184,Kaka,Kaka,ORL,ORL,M,M,6660000.0,6660000.0,7167500.0,7167500.0,23,18,1,5,1957,1566,9,6,9,4,2,6,0,1,2.6,1.3,80.2,79.2,0.4,0.3,4,0,7.21,6.7
80,44,44,Ola Kamara,Ola Kamara,CLB,CLB,F,F,425000.0,450000.0,457500.0,482500.0,20,33,5,1,1889,2868,16,18,2,3,0,0,0,0,3.2,2.6,77.3,75.0,1.2,1.5,3,3,7.01,7.05
81,34,32,Kei Kamara,Kei Kamara,NE,NE,F,F,1000000.0,800000.0,1000000.0,800000.0,21,27,0,4,1870,2366,7,12,2,4,5,4,0,0,3.3,2.8,70.5,73.7,3.3,2.6,2,4,7.07,7.13
82,152,91,Johan Kappelhof,Johan Kappelhof,CHI,CHI,D,D,480000.0,530000.0,520000.0,570000.0,31,33,2,0,2789,2881,0,0,0,2,3,5,0,1,0.1,0.1,75.5,85.2,0.7,0.9,0,1,6.75,6.9
83,38,108,Taylor Kemp,Taylor Kemp,DC,DC,D,D,100000.0,120000.0,100000.0,120000.0,30,22,1,0,2745,1980,1,0,4,0,2,2,0,0,0.7,0.5,66.1,70.3,1.2,1.4,1,0,7.06,6.88
84,3,25,Sacha Kljestan,Sacha Kljestan,NYRB,NYRB,M,M,550000.0,650000.0,687500.0,787500.0,30,28,2,4,2625,2583,6,2,16,9,3,6,0,0,1.3,1.3,74.8,79.3,1.7,1.1,2,5,7.42,7.18
85,106,106,Matias Laba,Matias Laba,VAN,VAN,M,M,560000.0,725000.0,720500.0,885500.0,32,19,0,0,2729,1612,0,2,0,0,5,6,1,1,0.3,0.8,85.2,79.3,1.2,0.9,0,0,6.85,6.88
86,86,248,Connor Lade,Connor Lade,NYRB,NYRB,D,D,62500.0,85000.0,65312.5,92812.5,15,16,3,5,1380,1382,1,0,1,2,4,3,0,0,0.8,0.6,74.1,74.3,0.8,0.4,1,0,6.88,6.56
87,234,119,Jeff Larentowicz,Jeff Larentowicz,LA,ATL,M,M,175000.0,175008.0,175000.0,175008.0,17,30,6,3,1496,2602,1,1,0,1,5,6,0,0,0.5,0.5,83.6,84.2,1.4,1.8,0,0,6.57,6.85
88,112,158,Cyle Larin,Cyle Larin,ORL,ORL,F,F,135000.0,150000.0,177000.0,192000.0,29,24,3,4,2456,2169,14,12,3,3,0,1,0,0,2.3,2.0,73.4,77.1,1.3,0.7,2,2,6.84,6.75
89,177,43,Kemar Lawrence,Kemar Lawrence,NYRB,NYRB,D,D,100000.0,100000.0,196000.0,205600.0,21,23,0,1,1801,2076,0,1,0,5,3,7,0,0,0.3,0.7,67.4,70.8,1.2,1.8,0,1,6.71,7.06
90,122,182,Kekuta Manneh,Kekuta Manneh,VAN,CLB,M,M,127500.0,138875.0,157000.0,168375.0,13,9,4,10,1140,839,5,4,2,3,1,0,0,0,2.1,1.4,72.1,77.2,0.5,0.2,1,2,6.82,6.7
91,257,123,Mauro Manotas,Mauro Manotas,HOU,HOU,F,F,85000.0,215746.08,85000.0,215746.08,10,24,12,9,1055,2064,6,10,1,5,0,3,0,0,1.9,2.2,79.6,78.6,0.2,0.2,1,0,6.5,6.84
92,60,72,Chad Marshall,Chad Marshall,SEA,SEA,D,D,325000.0,350000.0,341666.67,366250.0,30,27,0,1,2634,2366,4,1,0,2,2,2,0,0,0.7,0.5,84.9,90.1,2.1,2.1,3,1,6.97,6.96
93,246,228,Darren Mattocks,Darren Mattocks,POR,POR,F,F,215000.0,300000.0,231666.67,316666.67,12,11,7,13,941,1075,1,4,2,1,0,1,0,0,1.1,1.3,71.6,72.6,0.8,1.2,1,2,6.55,6.61
94,22,46,Dax McCarty,Dax McCarty,NYRB,CHI,M,M,400000.0,400000.0,500000.0,500000.0,26,28,1,0,2269,2465,3,0,1,4,3,4,0,0,0.9,0.5,81.6,86.2,1.4,1.4,1,0,7.13,7.04
95,101,276,Thomas McNamara,Thomas McNamara,NYCFC,NYCFC,M,M,73500.0,185000.04,85000.0,185000.04,28,19,2,8,2260,1576,5,3,9,1,5,5,0,0,1.3,0.9,81.5,85.0,0.2,0.2,1,1,6.86,6.48
96,221,189,Tyrone Mears,Tyrone Mears,SEA,ATL,D,D,175000.0,183756.0,184000.0,183756.0,32,16,0,4,2836,1499,0,1,1,1,3,2,0,0,0.1,0.1,82.1,81.3,0.9,1.1,0,1,6.62,6.69
97,75,144,Jimmy Medranda,Jimmy Medranda,KC,KC,M,D,63000.0,130008.0,63000.0,130008.0,22,24,6,9,1939,2088,1,2,1,1,7,2,1,0,1.5,1.5,74.0,81.7,0.2,0.3,2,1,6.91,6.8
98,200,159,Joao Meira,Joao Meira,CHI,CHI,D,D,110000.0,150000.0,126500.0,165000.0,26,27,2,3,2284,2412,0,0,0,1,6,3,0,0,0.2,0.2,85.1,90.0,1.5,0.9,0,0,6.67,6.74
99,241,115,Tim Melia,Tim Melia,KC,KC,GK,GK,150000.0,165000.0,152500.0,167500.0,27,31,0,0,2430,2759,0,0,0,0,3,1,0,0,0.0,0.0,52.2,69.2,0.3,0.1,2,2,6.57,6.86
100,11,26,Justin Meram,Justin Meram,CLB,CLB,F,M,175000.0,300000.0,185000.0,328750.0,31,32,2,2,2605,2589,5,13,10,5,3,6,0,0,2.3,1.8,72.5,75.3,0.7,0.6,5,6,7.23,7.17
101,278,311,Nicolas Mezquida,Nicolas Mezquida,VAN,VAN,M,M,88000.0,120000.0,88000.0,120000.0,17,8,11,12,1396,686,4,2,1,1,1,1,0,0,1.8,0.6,72.7,68.5,0.2,0.2,0,0,6.42,6.34
102,199,284,Eric Miller,Eric Miller,COL,COL,M,D,66412.5,75553.75,77412.5,86553.75,23,30,3,0,2118,2617,0,0,0,0,3,5,1,0,0.3,0.1,76.9,74.0,1.3,0.9,0,0,6.67,6.44
103,25,84,Kevin Molino,Kevin Molino,ORL,MNUFC,M,M,110000.0,350004.0,121400.0,402504.0,26,30,4,0,2318,2514,11,7,8,9,1,5,0,0,2.0,1.5,80.1,79.0,0.2,0.4,4,5,7.12,6.92
104,71,77,Drew Moor,Drew Moor,TOR,TOR,D,D,235000.0,246750.0,250000.0,261750.0,32,24,0,1,2880,2176,3,2,0,1,3,1,0,0,0.7,0.5,86.0,86.5,1.7,1.6,2,1,6.92,6.95
105,83,220,Jordan Morris,Jordan Morris,SEA,SEA,F,F,178000.0,225000.0,190500.0,237500.0,32,22,2,1,2858,1803,12,3,3,1,0,0,0,0,2.1,1.5,77.5,77.1,1.8,1.2,2,0,6.88,6.62
106,70,28,Justin Morrow,Justin Morrow,TOR,TOR,D,D,200000.0,210000.0,216666.67,226666.67,31,28,0,0,2653,2479,5,8,3,1,5,0,0,0,0.5,0.9,75.9,84.0,0.6,0.5,2,4,6.93,7.14
107,184,306,Yura Movsisyan,Yura Movsisyan,RSL,RSL,F,F,200000.0,1750000.0,200000.0,1973750.0,25,16,4,12,2166,1419,9,7,3,0,3,4,0,0,2.3,1.6,66.7,58.4,0.4,0.7,1,0,6.7,6.37
108,224,69,Luke Mulholland,Luke Mulholland,RSL,RSL,M,M,93500.0,172500.0,94750.0,172500.0,23,22,10,5,2028,1950,4,3,2,2,7,4,0,0,1.3,1.6,79.8,75.7,0.6,0.9,0,0,6.6,6.97
109,174,178,Alex Muyl,Alex Muyl,NYRB,NYRB,F,F,62500.0,65625.0,66500.0,69625.0,18,21,9,9,1600,1940,2,3,3,3,5,4,0,0,1.1,1.2,71.7,77.6,1.2,0.9,0,0,6.71,6.71
110,46,39,Darlington Nagbe,Darlington Nagbe,POR,POR,M,M,500000.0,550000.0,500000.0,565000.0,27,27,0,0,2416,2332,1,3,5,3,1,3,0,0,1.4,1.6,89.9,92.2,0.7,0.7,2,0,7.01,7.07
111,73,314,Lamar Neagle,Lamar Neagle,DC,DC,M,M,185000.0,200000.0,187833.33,202833.33,21,9,10,13,1950,1117,9,1,5,0,2,4,0,0,1.6,1.2,69.3,68.7,1.9,1.5,1,1,6.91,6.32
112,77,10,Lee Nguyen,Lee Nguyen,NE,NE,M,M,500000.0,500000.0,500000.0,500000.0,33,30,0,1,2902,2545,6,11,4,9,2,3,0,0,2.1,1.6,80.1,78.8,0.0,0.1,2,4,6.91,7.31
113,276,299,Antonio Nocerino,Antonio Nocerino,ORL,ORL,M,M,600000.0,800000.0,650000.0,850000.0,19,28,2,3,1512,2235,0,1,0,0,3,2,1,1,0.5,0.5,81.4,85.3,0.2,0.1,1,0,6.42,6.39
114,185,318,Dominic Oduro,Dominic Oduro,MTL,MTL,F,F,235000.0,330000.0,235000.0,330000.0,22,17,9,8,2031,1440,6,1,6,0,2,1,0,0,1.1,1.0,77.2,76.9,0.6,0.3,0,0,6.69,6.29
115,163,282,Lawrence Olum,Lawrence Olum,KC,POR,M,M,105000.0,142500.0,115000.0,157500.0,17,22,2,8,1469,2103,2,1,1,0,3,3,0,0,0.5,0.3,82.0,88.1,1.5,0.8,0,0,6.74,6.45
116,172,36,Ike Opara,Ike Opara,KC,KC,D,D,125000.0,150000.0,131250.0,150000.0,16,30,9,0,1544,2700,1,3,2,0,3,3,1,0,0.6,0.6,78.2,86.2,1.6,1.8,0,4,6.72,7.1
117,206,281,Jonathan Osorio,Jonathan Osorio,TOR,TOR,M,M,166750.0,191762.5,174570.68,200237.13,26,9,4,18,2441,1062,2,2,2,1,2,1,0,0,0.8,0.6,87.0,89.4,0.1,0.1,0,0,6.66,6.45
118,146,204,David Ousted,David Ousted,VAN,VAN,GK,GK,360000.0,360000.0,378933.33,378933.33,33,28,0,0,2970,2453,0,0,0,0,0,2,0,1,0.0,0.0,52.4,59.0,0.4,0.3,4,0,6.76,6.66
119,168,163,Tim Parker,Tim Parker,VAN,VAN,D,D,66000.0,80850.0,84750.0,99600.0,28,32,1,0,2551,2880,0,1,0,1,1,4,0,0,0.4,0.6,77.4,79.7,2.5,2.3,0,1,6.73,6.74
120,260,190,Michael Parkhurst,Michael Parkhurst,CLB,ATL,D,D,275000.0,325008.0,300000.0,325008.0,34,33,0,0,3066,2906,0,0,2,0,2,4,1,0,0.0,0.0,84.5,86.0,0.6,0.4,1,0,6.5,6.69
121,5,4,Ignacio Piatti,Ignacio Piatti,MTL,MTL,M,M,425000.0,450000.0,425000.0,450000.0,31,26,1,2,2821,2370,17,17,4,5,5,3,0,0,3.0,2.7,82.5,76.4,0.0,0.1,4,7,7.36,7.45
122,104,75,Joao Plata,Joao Plata,RSL,RSL,F,F,175000.0,350000.04,175000.0,400000.04,28,27,2,2,2478,2320,9,7,8,4,4,1,0,0,2.6,3.3,81.7,79.7,0.1,0.2,1,2,6.85,6.95
123,81,56,Matt Polster,Matt Polster,CHI,CHI,D,M,84000.0,99900.0,99000.0,114900.0,24,21,3,1,2108,1769,2,1,1,5,5,3,0,0,0.7,0.4,81.3,85.0,1.3,1.1,1,0,6.89,7.01
124,31,81,Chris Pontius,Chris Pontius,PHI,PHI,M,M,380000.0,400000.0,411000.0,431000.0,32,27,1,3,2571,2255,12,2,4,6,2,0,0,0,2.0,1.4,77.7,72.6,3.0,3.8,3,1,7.09,6.93
125,56,93,Alvas Powell,Alvas Powell,POR,POR,D,D,95000.0,115000.0,103700.0,123700.0,23,19,0,4,2016,1690,0,2,1,2,4,3,0,0,0.3,0.6,69.4,75.7,1.3,1.2,1,1,6.98,6.9
126,228,272,Tommy Redding,Tommy Redding,ORL,ORL,D,D,95000.0,110000.0,102500.0,117500.0,16,14,2,4,1348,1406,0,0,0,0,2,3,0,0,0.0,0.1,84.6,83.0,0.7,0.9,0,0,6.59,6.49
127,178,197,Nick Rimando,Nick Rimando,RSL,RSL,GK,GK,400000.0,450000.0,420000.0,470000.0,30,28,0,0,2700,2488,0,0,0,0,1,1,0,0,0.0,0.0,57.6,62.5,0.2,0.1,1,1,6.71,6.68
128,259,261,Carlos Rivas,Carlos Rivas,ORL,ORL,M,M,80000.0,375000.0,80000.0,375000.0,8,21,13,9,800,1962,3,5,3,2,6,3,0,0,1.6,2.5,71.4,68.2,0.1,0.1,1,0,6.5,6.52
129,165,210,Luis Robles,Luis Robles,NYRB,NYRB,GK,GK,265000.0,290000.0,267500.0,292500.0,34,34,0,0,3060,3060,0,0,0,0,3,4,0,0,0.0,0.0,56.5,62.7,0.2,0.3,0,0,6.73,6.64
130,98,6,Cristian Roldan,Cristian Roldan,SEA,SEA,M,M,95000.0,115000.0,117000.0,137000.0,28,33,5,0,2632,2960,4,6,2,2,2,3,0,0,0.9,1.2,83.3,84.0,1.2,1.1,2,4,6.86,7.4
131,33,27,Kelyn Rowe,Kelyn Rowe,NE,NE,M,M,160000.0,165000.0,241000.0,230000.0,32,21,1,2,2787,1898,5,1,6,6,2,3,0,0,2.0,1.5,73.6,74.3,0.8,1.0,3,0,7.08,7.15
132,150,255,Mohammed Saeid,Mohammed Saeid,CLB,COL,M,M,110000.0,160000.0,120000.0,170000.0,24,27,1,2,2017,2269,0,1,5,2,2,2,0,0,0.8,0.4,89.2,82.3,0.0,0.3,0,0,6.76,6.53
133,286,259,Michael Salazar,Michael Salazar,MTL,MTL,F,F,51492.0,54075.0,51492.0,54075.0,8,7,9,10,711,691,2,3,0,2,1,1,0,0,0.5,0.6,74.4,76.6,1.0,0.8,0,1,6.38,6.53
134,272,234,Shea Salinas,Shea Salinas,SJ,SJ,M,M,163125.0,185000.0,166458.33,185000.0,8,15,25,10,1226,1437,1,1,5,2,0,3,0,0,0.6,0.2,71.4,75.4,0.3,0.6,1,3,6.46,6.6
135,37,239,Marcelo Sarvas,Marcelo Sarvas,DC,DC,M,M,360000.0,360000.0,425000.0,425000.0,26,19,2,6,2247,1841,1,0,2,0,11,8,1,0,0.8,0.4,81.0,79.7,0.5,0.4,2,0,7.06,6.59
136,207,260,Brek Shea,Brek Shea,ORL,VAN,M,M,550000.0,625000.0,595000.0,670000.0,22,14,5,11,2004,1326,3,4,2,2,9,2,0,1,1.0,0.9,74.1,64.4,0.9,1.0,0,1,6.66,6.53
137,82,252,Axel Sjoberg,Axel Sjoberg,COL,COL,D,D,66000.0,108350.0,81000.0,123350.0,31,19,0,0,2772,1638,2,1,1,0,6,1,0,1,0.4,0.6,82.3,83.0,2.2,1.6,1,0,6.89,6.55
138,245,150,Luis Solignac,Luis Solignac,COL,CHI,F,F,85000.0,274999.92,85000.0,328312.42,12,26,6,7,1105,2156,3,7,0,4,0,1,0,0,1.4,1.4,73.2,77.1,0.8,0.9,0,0,6.56,6.77
139,123,85,Daniel Steres,Daniel Steres,LA,LA,D,D,62500.0,105000.0,65086.04,112062.6,29,21,2,0,2656,1843,1,3,1,0,5,1,0,0,0.3,0.8,83.6,85.4,2.0,2.1,0,1,6.81,6.92
140,143,224,Tony Tchani,Tony Tchani,CLB,VAN,M,M,250000.0,275000.0,283333.33,308333.33,20,26,1,1,1821,2122,1,4,2,1,8,4,1,2,1.3,0.8,83.9,80.2,1.0,0.8,0,2,6.77,6.61
141,244,122,Cristian Techera,Cristian Techera,VAN,VAN,M,M,320000.0,352000.0,345000.0,377000.0,19,24,10,5,1586,2045,2,6,1,4,3,1,0,0,1.5,1.9,74.1,70.6,0.1,0.2,0,3,6.56,6.84
142,254,262,Tommy Thompson,Tommy Thompson,SJ,SJ,M,M,150000.0,150000.0,155000.0,155000.0,9,16,8,16,826,1538,0,1,0,4,2,1,0,0,0.7,1.3,82.2,83.2,0.6,0.3,0,1,6.52,6.52
143,166,270,Chris Tierney,Chris Tierney,NE,NE,D,D,125000.0,140000.0,133333.33,148333.33,27,20,1,6,2321,1716,2,1,2,2,1,3,0,0,0.7,0.3,73.3,81.8,0.5,0.5,1,0,6.73,6.5
144,111,129,Donny Toia,Donny Toia,MTL,ORL,D,D,67500.0,70875.0,67500.0,70875.0,15,29,2,1,1366,2545,0,0,2,2,2,4,0,0,0.3,0.4,77.3,75.0,1.0,1.6,0,1,6.84,6.82
145,182,140,Wil Trapp,Wil Trapp,CLB,CLB,M,M,151250.0,300000.0,178250.0,350000.0,29,34,1,0,2573,3035,0,0,0,4,5,3,0,0,0.3,0.2,88.1,89.3,0.8,0.7,0,0,6.7,6.8
146,248,271,Victor Ulloa,Victor Ulloa,DAL,DAL,M,M,130000.0,150000.0,132500.0,152500.0,18,12,14,11,1642,1206,2,0,0,2,2,1,0,0,0.3,0.3,81.4,85.2,1.1,0.9,0,0,6.54,6.5
147,26,19,Maximiliano Urruti,Maximiliano Urruti,DAL,DAL,F,F,250000.0,300000.0,250000.0,300000.0,29,31,1,1,2484,2749,9,12,3,4,4,1,0,0,3.0,3.2,74.5,77.0,0.8,0.5,3,3,7.12,7.22
148,92,125,Zarek Valentin,Zarek Valentin,POR,POR,D,D,90000.0,110000.0,90000.0,110000.0,18,17,2,2,1608,1547,1,0,1,3,2,2,0,0,0.2,0.1,78.0,83.6,1.1,0.8,1,0,6.88,6.84
149,12,13,Diego Valeri,Diego Valeri,POR,POR,M,M,600000.0,2227500.0,550000.0,2607500.0,30,32,0,0,2640,2830,14,21,6,9,1,4,1,0,3.7,2.9,74.9,79.0,0.7,0.6,4,3,7.22,7.26
150,293,312,Johan Venegas,Johan Venegas,MTL,MNUFC,M,M,200000.0,215000.0,212500.0,227500.0,7,12,13,10,683,1229,1,2,1,5,2,4,0,0,0.8,1.5,73.0,76.0,0.2,0.5,0,0,6.3,6.34
151,285,279,Gonzalo Veron,Gonzalo Veron,NYRB,NYRB,M,M,500000.0,500000.0,500000.0,500000.0,6,5,17,19,631,779,3,6,0,1,2,1,1,0,0.8,1.2,75.6,72.3,0.3,0.4,0,0,6.39,6.46
152,4,1,David Villa,David Villa,NYCFC,NYCFC,F,F,5610000.0,5610000.0,5610000.0,5610000.0,32,28,1,3,2899,2560,23,22,4,5,5,4,0,0,5.0,4.4,71.8,69.8,0.2,0.6,9,9,7.37,7.63
153,229,117,Brandon Vincent,Brandon Vincent,CHI,CHI,D,D,70000.0,96250.0,91875.0,118125.0,24,26,2,1,2191,2341,0,2,2,4,1,3,0,0,0.3,0.7,66.5,79.0,1.3,1.5,0,0,6.59,6.86
154,227,313,Collen Warner,Collen Warner,HOU,MNUFC,M,M,149934.0,230004.0,177434.0,230004.0,24,12,0,13,1979,1283,0,1,0,0,2,6,0,0,0.5,0.3,83.7,81.3,0.8,0.8,0,0,6.59,6.33
155,97,52,Kendall Waston,Kendall Waston,VAN,VAN,D,D,300000.0,350000.0,318125.0,368125.0,26,25,0,0,2267,2250,3,4,1,1,7,7,3,0,0.8,0.8,77.6,71.9,2.7,2.2,1,1,6.87,7.02
156,186,321,Je-Vaughn Watson,Je-Vaughn Watson,NE,NE,D,D,110004.0,150000.0,115837.33,155666.67,19,8,4,10,1705,766,1,0,1,0,3,4,1,1,0.5,0.3,80.6,83.5,0.6,0.6,0,0,6.69,6.2
157,151,301,Jared Watts,Jared Watts,COL,COL,D,D,68000.0,75000.0,68000.0,75000.0,18,18,3,2,1647,1490,0,0,0,1,5,4,0,2,0.4,0.2,81.4,82.2,1.1,0.6,1,1,6.75,6.38
158,183,249,Andrew Wenger,Andrew Wenger,HOU,HOU,M,M,190000.0,210000.0,190000.0,210000.0,24,12,8,10,2064,1113,6,2,2,2,3,2,0,0,1.4,1.0,66.4,57.1,1.2,1.0,2,0,6.7,6.56
159,118,229,Mekeil Williams,Mekeil Williams,COL,COL,D,D,85000.0,110000.0,85000.0,115000.0,17,16,4,1,1470,1398,0,0,2,1,5,6,0,1,0.1,0.2,77.6,71.2,1.2,1.4,2,0,6.83,6.6
160,251,300,Chris Wingert,Chris Wingert,RSL,RSL,D,D,235000.0,134004.0,235000.0,145394.0,18,20,2,3,1514,1756,0,1,0,0,5,5,0,0,0.3,0.3,74.0,73.5,1.2,1.3,0,0,6.53,6.39
161,87,95,Chris Wondolowski,Chris Wondolowski,SJ,SJ,F,F,650000.0,800000.0,700000.0,800000.0,30,34,0,0,2697,3041,12,13,3,8,0,3,0,0,2.6,2.3,73.0,78.4,1.4,1.0,0,2,6.88,6.9
162,9,47,Bradley Wright-Phillips,Bradley Wright-Phillips,NYRB,NYRB,F,F,650000.0,1500000.0,710000.0,1635000.0,32,29,2,3,2762,2561,24,17,4,1,3,6,0,0,3.1,2.6,69.9,66.3,1.4,1.5,9,1,7.28,7.04
163,7,244,Gyasi Zardes,Gyasi Zardes,LA,LA,F,F,472500.0,577500.0,472500.0,577500.0,17,23,2,1,1604,1987,6,2,5,2,1,3,0,0,1.3,1.2,71.1,76.2,2.2,1.8,3,0,7.29,6.58
164,6,135,Walker Zimmerman,Walker Zimmerman,DAL,DAL,D,D,174000.0,205000.0,174000.0,205000.0,30,18,0,4,2700,1602,4,1,0,1,4,0,0,0,0.9,0.4,78.4,79.0,3.3,2.9,4,1,7.3,6.81
165,149,213,Sal Zizzo,Sal Zizzo,NYRB,NYRB,D,M,105000.0,110000.0,105000.0,110000.0,20,18,8,5,1921,1647,0,0,1,2,2,4,0,1,0.6,0.3,74.9,75.8,1.1,1.0,0,0,6.76,6.64
166,53,9,Graham Zusi,Graham Zusi,KC,KC,F,M,700000.0,725000.0,732102.27,757102.27,18,23,3,1,1652,2115,2,0,2,6,1,3,0,1,1.4,1.5,80.8,86.6,0.4,0.7,1,1,6.98,7.31
